UserName,Email,PhoneNumber,CreatedAt,Password
Sophia Taylor,sophia.taylor@gmail.com,1-555-0301,5/1/2026 8:15,aB3$kL9!
Liam Johnson,liam.j.88@yahoo.com,1-555-0302,5/2/2026 9:20,mX7@cP2#
Noah Williams,noah.wills@outlook.com,1-555-0303,5/3/2026 10:45,vN4&jR8*
Olivia Brown,olivia_b@icloud.com,1-555-0304,5/4/2026 11:10,qW1!tY5^
Ethan Jones,ethan.jones.tech@gmail.com,1-555-0305,5/5/2026 14:30,zD6#fM0@
Ava Garcia,ava.garcia99@yahoo.com,1-555-0306,5/6/2026 15:50,pL9*kE3$
Mason Martinez,mason_martinez@proton.me,1-555-0307,5/7/2026 16:15,hT2^sW7&
Isabella Rodriguez,bella.rodri@hotmail.com,1-555-0308,5/8/2026 8:05,cR8!bN4#
William Hernandez,will.hernandez@gmail.com,1-555-0309,5/9/2026 9:40,yJ5@xV1*
Mia Lopez,mia.lopez.art@icloud.com,1-555-0310,5/10/2026 11:25,gF0$mC6^
James Gonzalez,j.gonzalez@yahoo.com,1-555-0311,5/11/2026 13:00,uK3#nP8!
Charlotte Perez,charlotte.p@outlook.com,1-555-0312,5/12/2026 14:15,dZ7&vS2@
Benjamin Wilson,ben.wilson85@gmail.com,1-555-0313,5/1/2026 16:45,wB4*lH9$
Amelia Anderson,amelia.anderson@proton.me,1-555-0314,5/2/2026 8:30,tY1^qX5#
Lucas Thomas,lucas.t.design@yahoo.com,1-555-0315,5/3/2026 9:55,eM6!jD0&
Harper Moore,harper.moore@icloud.com,1-555-0316,5/4/2026 11:10,rP9@cT3*
Henry Martin,henry.m.music@gmail.com,1-555-0317,5/5/2026 13:20,kS2#fN7^
Evelyn Jackson,evelyn.jacks@hotmail.com,1-555-0318,5/6/2026 15:05,xV8$yL1!
Alexander White,alex.white.dev@outlook.com,1-555-0319,5/7/2026 17:40,nC5&wR4@
Abigail Harris,abby.harris92@gmail.com,1-555-0320,5/8/2026 19:15,bH0*mV6#
